<REGISTRES>    
    <REGISTRE>
        <DATA>8/6/2022</DATA>
        <NOM>Jordi</NOM>
        <MAIL>jordibertran7@outlook.com</MAIL>
        <COMENTARI>Asdasdasdasdasd</COMENTARI>
    </REGISTRE> 
    <REGISTRE>
        <DATA>9/6/2022</DATA>
        <NOM>Jordi</NOM>
        <MAIL>jordibertran7@gmail.com</MAIL>
        <COMENTARI>12asdasd</COMENTARI>
    </REGISTRE> 
    <REGISTRE>
        <DATA>9/6/2022</DATA>
        <NOM>Jordi</NOM>
        <MAIL>jordibertran7@gmail.com</MAIL>
        <COMENTARI>12asdasdretertertert</COMENTARI>
    </REGISTRE> 
    <REGISTRE>
        <DATA>9/6/2022</DATA>
        <NOM>Jordi</NOM>
        <MAIL>jordii@gmail.com</MAIL>
        <COMENTARI>Dfsdfsfsdfsd</COMENTARI>
    </REGISTRE> 
</REGISTRES>